-- phpMyAdmin SQL Dump
-- version 4.8.3
-- https://www.phpmyadmin.net/
--
-- Host: 127.0.0.1:3306
-- Generation Time: 18-Out-2018 às 02:41
-- Versão do servidor: 5.7.23
-- versão do PHP: 7.2.10

SET SQL_MODE = "NO_AUTO_VALUE_ON_ZERO";
SET AUTOCOMMIT = 0;
START TRANSACTION;
SET time_zone = "+00:00";


/*!40101 SET @OLD_CHARACTER_SET_CLIENT=@@CHARACTER_SET_CLIENT */;
/*!40101 SET @OLD_CHARACTER_SET_RESULTS=@@CHARACTER_SET_RESULTS */;
/*!40101 SET @OLD_COLLATION_CONNECTION=@@COLLATION_CONNECTION */;
/*!40101 SET NAMES utf8mb4 */;

CREATE DATABASE altran-completo;

USE altran-completo;

--
-- Estrutura da tabela `atendente`
--

DROP TABLE IF EXISTS `atendente`;
CREATE TABLE IF NOT EXISTS `atendente` (
  `id` int(11) NOT NULL AUTO_INCREMENT,
  `username` varchar(50) DEFAULT NULL,
  `password` varchar(150) DEFAULT NULL,
  `email` varchar(50) DEFAULT NULL,
  `cpf` varchar(50) DEFAULT NULL,
  `fk_tipo_usuario` int(11) DEFAULT '2',
  PRIMARY KEY (`id`),
  KEY `fk_tipo_usuario` (`fk_tipo_usuario`)
) ENGINE=MyISAM AUTO_INCREMENT=3 DEFAULT CHARSET=latin1;

--
-- Extraindo dados da tabela `atendente`
--

INSERT INTO `atendente` (`id`, `username`, `password`, `email`, `cpf`, `fk_tipo_usuario`) VALUES
(1, 'Roberto', '7c4a8d09ca3762af61e59520943dc26494f8941b', 'roberto1018@fito.br', '000.000.001-91', 2),
(2, 'Juliano', '7c4a8d09ca3762af61e59520943dc26494f8941b', 'juliano@live.com', '000.000.001-91', 2);

-- --------------------------------------------------------

--
-- Estrutura da tabela `consultas`
--

DROP TABLE IF EXISTS `consultas`;
CREATE TABLE IF NOT EXISTS `consultas` (
  `id` int(11) NOT NULL AUTO_INCREMENT,
  `note` varchar(500) DEFAULT NULL,
  `color` varchar(10) DEFAULT NULL,
  `start` datetime DEFAULT NULL,
  `end` datetime DEFAULT NULL,
  `fk_paciente` int(50) DEFAULT NULL,
  `fk_medico_especializacao` int(50) DEFAULT NULL,
  PRIMARY KEY (`id`),
  KEY `fk_paciente` (`fk_paciente`),
  KEY `fk_medico_especializacao` (`fk_medico_especializacao`)
) ENGINE=MyISAM AUTO_INCREMENT=28 DEFAULT CHARSET=latin1;

--
-- Extraindo dados da tabela `consultas`
--

INSERT INTO `consultas` (`id`, `note`, `color`, `start`, `end`, `fk_paciente`, `fk_medico_especializacao`) VALUES
(13, 'Cirurgia sem risco.', '#8B4513', '2018-10-02 00:00:00', '2018-10-02 05:00:00', 1, 6),
(2, 'Cirurgia com risco.', '#FFD700', '2018-10-25 10:00:00', '2018-10-25 15:00:00', 1, 6),
(3, 'Consulta anual.', '#A020F0', '2018-10-30 18:00:00', '2018-10-30 18:30:00', 1, 3),
(4, 'Realizar exames, chances de alergia.', '#FFD700', '2018-10-22 10:00:00', '2018-10-22 11:00:00', 1, 1),
(25, '', '#FF4500', '2018-10-17 08:30:00', '2018-10-17 00:00:00', 2, 5),
(11, 'Exame urgente.', '#FFD700', '2018-10-01 00:00:00', '2018-10-01 22:00:00', 1, 5),
(26, '', '#1C1C1C', '2018-10-18 09:00:00', '2018-10-18 10:00:00', 2, 8),
(19, '', '#228B22', '2018-10-03 00:00:00', '2018-10-03 04:00:00', 1, 2),
(23, '', '#FFD700', '2018-10-19 08:00:00', '2018-10-19 08:30:00', 2, 3),
(21, '', '#FF4500', '2018-10-04 10:00:00', '2018-10-04 11:00:00', 1, 5);

-- --------------------------------------------------------

--
-- Estrutura da tabela `especializacao`
--

DROP TABLE IF EXISTS `especializacao`;
CREATE TABLE IF NOT EXISTS `especializacao` (
  `id` int(11) NOT NULL AUTO_INCREMENT,
  `descricao` varchar(50) DEFAULT NULL,
  PRIMARY KEY (`id`)
) ENGINE=MyISAM AUTO_INCREMENT=13 DEFAULT CHARSET=latin1;

--
-- Extraindo dados da tabela `especializacao`
--

INSERT INTO `especializacao` (`id`, `descricao`) VALUES
(1, 'Cardiologista'),
(2, 'Cirurgia'),
(3, 'Clinico geral'),
(4, 'Dermatologista'),
(5, 'Ginecologista'),
(6, 'Neurocirurgia'),
(7, 'Neurologista'),
(8, 'Nutricionista'),
(9, 'Oftalmologista'),
(10, 'Ortopedista'),
(11, 'Otorrinolaringologista'),
(12, 'Patologista');

-- --------------------------------------------------------

--
-- Estrutura da tabela `medico`
--

DROP TABLE IF EXISTS `medico`;
CREATE TABLE IF NOT EXISTS `medico` (
  `id` int(11) NOT NULL AUTO_INCREMENT,
  `username` varchar(50) DEFAULT NULL,
  `password` varchar(150) DEFAULT NULL,
  `email` varchar(50) DEFAULT NULL,
  `cpf` varchar(50) DEFAULT NULL,
  `fk_tipo_usuario` int(11) DEFAULT '1',
  PRIMARY KEY (`id`),
  KEY `fk_tipo_usuario` (`fk_tipo_usuario`)
) ENGINE=MyISAM AUTO_INCREMENT=5 DEFAULT CHARSET=latin1;

--
-- Extraindo dados da tabela `medico`
--

INSERT INTO `medico` (`id`, `username`, `password`, `email`, `cpf`, `fk_tipo_usuario`) VALUES
(1, 'Alberto', '7c4a8d09ca3762af61e59520943dc26494f8941b', 'alberto@live.com', '000.000.001-91', 1),
(2, 'Barbara', '7c4a8d09ca3762af61e59520943dc26494f8941b', 'barbara@live.com', '000.000.001-91', 1),
(3, 'Carlos', '7c4a8d09ca3762af61e59520943dc26494f8941b', 'carlos@live.com', '000.000.001-91', 1),
(4, 'Roberto', '7c4a8d09ca3762af61e59520943dc26494f8941b', 'roberto_junior_sousa@hotmail.com', '000.000.001-91', 1);

-- --------------------------------------------------------

--
-- Estrutura da tabela `medico_especializacao`
--

DROP TABLE IF EXISTS `medico_especializacao`;
CREATE TABLE IF NOT EXISTS `medico_especializacao` (
  `id` int(50) NOT NULL AUTO_INCREMENT,
  `fk_especializacao` int(50) DEFAULT NULL,
  `fk_medico` int(50) DEFAULT NULL,
  PRIMARY KEY (`id`),
  KEY `fk_especializacao` (`fk_especializacao`),
  KEY `fk_medico` (`fk_medico`)
) ENGINE=MyISAM AUTO_INCREMENT=9 DEFAULT CHARSET=latin1;

--
-- Extraindo dados da tabela `medico_especializacao`
--

INSERT INTO `medico_especializacao` (`id`, `fk_especializacao`, `fk_medico`) VALUES
(1, 1, 1),
(2, 2, 1),
(3, 3, 2),
(4, 4, 2),
(5, 1, 3),
(6, 2, 3),
(7, 3, 4),
(8, 4, 4);

-- --------------------------------------------------------

--
-- Estrutura da tabela `paciente`
--

DROP TABLE IF EXISTS `paciente`;
CREATE TABLE IF NOT EXISTS `paciente` (
  `id` int(11) NOT NULL AUTO_INCREMENT,
  `name` varchar(50) DEFAULT NULL,
  `password` varchar(150) DEFAULT NULL,
  `email` varchar(50) DEFAULT NULL,
  `cpf` varchar(50) DEFAULT NULL,
  `fk_tipo_usuario` int(11) DEFAULT '3',
  PRIMARY KEY (`id`),
  KEY `fk_tipo_usuario` (`fk_tipo_usuario`)
) ENGINE=MyISAM AUTO_INCREMENT=3 DEFAULT CHARSET=latin1;

--
-- Extraindo dados da tabela `paciente`
--

INSERT INTO `paciente` (`id`, `name`, `password`, `email`, `cpf`, `fk_tipo_usuario`) VALUES
(1, 'Joaquim', '7c4a8d09ca3762af61e59520943dc26494f8941b', 'joaquim@live.com', '000.000.001-91', 3),
(2, 'Roberto', '7c4a8d09ca3762af61e59520943dc26494f8941b', 'robertosousa1@uol.com.br', '000.000.001-91', 3);

-- --------------------------------------------------------

--
-- Estrutura da tabela `tipo_usuario`
--

DROP TABLE IF EXISTS `tipo_usuario`;
CREATE TABLE IF NOT EXISTS `tipo_usuario` (
  `id` int(11) NOT NULL AUTO_INCREMENT,
  `descricao` varchar(30) DEFAULT NULL,
  PRIMARY KEY (`id`)
) ENGINE=MyISAM AUTO_INCREMENT=4 DEFAULT CHARSET=latin1;

--
-- Extraindo dados da tabela `tipo_usuario`
--

INSERT INTO `tipo_usuario` (`id`, `descricao`) VALUES
(1, 'Medico'),
(2, 'Atendente'),
(3, 'Paciente');
COMMIT;

/*!40101 SET CHARACTER_SET_CLIENT=@OLD_CHARACTER_SET_CLIENT */;
/*!40101 SET CHARACTER_SET_RESULTS=@OLD_CHARACTER_SET_RESULTS */;
/*!40101 SET COLLATION_CONNECTION=@OLD_COLLATION_CONNECTION */;
